131817;interface/glues/loadingscreens/dynamicelements.blp
131818;interface/glues/loadingscreens/loadscreenahnqiraj20man.blp
131819;interface/glues/loadingscreens/loadscreenahnqiraj40man.blp
131820;interface/glues/loadingscreens/loadscreenarathibasin.blp
131821;interface/glues/loadingscreens/loadscreenauchindoun.blp
131822;interface/glues/loadingscreens/loadscreenazjoluppercity.blp
131823;interface/glues/loadingscreens/loadscreenblackfathomdeeps.blp
131824;interface/glues/loadingscreens/loadscreenblackrockdepths.blp
131825;interface/glues/loadingscreens/loadscreenblackrockspire.blp
131826;interface/glues/loadingscreens/loadscreenblacktemple.blp
131827;interface/glues/loadingscreens/loadscreenblackwinglair.blp
131828;interface/glues/loadingscreens/loadscreenbladesedgearena.blp
131829;interface/glues/loadingscreens/loadscreencave.blp
131830;interface/glues/loadingscreens/loadscreencavernstime.blp
131831;interface/glues/loadingscreens/loadscreenchampionshall.blp
131832;interface/glues/loadingscreens/loadscreencoilfang.blp
131833;interface/glues/loadingscreens/loadscreendeadmines.blp
131834;interface/glues/loadingscreens/loadscreendeepruntram.blp
131835;interface/glues/loadingscreens/loadscreendiremaul.blp
131836;interface/glues/loadingscreens/loadscreendraktharon.blp
131837;interface/glues/loadingscreens/loadscreendraktheron.blp
131838;interface/glues/loadingscreens/loadscreendungeon.blp
131839;interface/glues/loadingscreens/loadscreeneasternkingdom.blp
131840;interface/glues/loadingscreens/loadscreenenviroment.blp
131841;interface/glues/loadingscreens/loadscreengnomeregan.blp
131842;interface/glues/loadingscreens/loadscreengruulslair.blp
131843;interface/glues/loadingscreens/loadscreenhalloflegends.blp
131844;interface/glues/loadingscreens/loadscreenhellfirecitadel.blp
131845;interface/glues/loadingscreens/loadscreenhellfirecitadel5man.blp
131846;interface/glues/loadingscreens/loadscreenhellfirecitadelraid.blp
131847;interface/glues/loadingscreens/loadscreenhyjal.blp
131848;interface/glues/loadingscreens/loadscreenkalimdor.blp
131849;interface/glues/loadingscreens/loadscreenkarazhan.blp
131850;interface/glues/loadingscreens/loadscreenmaraudon.blp
131851;interface/glues/loadingscreens/loadscreenmoltencore.blp
131852;interface/glues/loadingscreens/loadscreenmonastery.blp
131853;interface/glues/loadingscreens/loadscreennagrandarenabattlegrounds.blp
131854;interface/glues/loadingscreens/loadscreennaxxramas.blp
131855;interface/glues/loadingscreens/loadscreennetherbattlegrounds.blp
131856;interface/glues/loadingscreens/loadscreennexus70.blp
131857;interface/glues/loadingscreens/loadscreennexus80.blp
131858;interface/glues/loadingscreens/loadscreennorthrend.blp
131859;interface/glues/loadingscreens/loadscreenoldstrathome.blp
131860;interface/glues/loadingscreens/loadscreenoutland.blp
131861;interface/glues/loadingscreens/loadscreenpvpbattleground.blp
131862;interface/glues/loadingscreens/loadscreenragefirechasm.blp
131863;interface/glues/loadingscreens/loadscreenraid.blp
131864;interface/glues/loadingscreens/loadscreenrazorfendowns.blp
131865;interface/glues/loadingscreens/loadscreenrazorfenkraul.blp
131866;interface/glues/loadingscreens/loadscreenruinedcity.blp
131867;interface/glues/loadingscreens/loadscreenruinsoflordaeronbattlegrounds.blp
131868;interface/glues/loadingscreens/loadscreenscholomance.blp
131869;interface/glues/loadingscreens/loadscreenshadowfangkeep.blp
131870;interface/glues/loadingscreens/loadscreenstormwindstockade.blp
131871;interface/glues/loadingscreens/loadscreenstrathome.blp
131872;interface/glues/loadingscreens/loadscreensunkentemple.blp
131873;interface/glues/loadingscreens/loadscreensunwell.blp
131874;interface/glues/loadingscreens/loadscreensunwell5man.blp
131875;interface/glues/loadingscreens/loadscreentempestkeep.blp
131876;interface/glues/loadingscreens/loadscreenuldaman.blp
131877;interface/glues/loadingscreens/loadscreenulduar77.blp
131878;interface/glues/loadingscreens/loadscreenulduar80.blp
131879;interface/glues/loadingscreens/loadscreenulduarraid.blp
131880;interface/glues/loadingscreens/loadscreenutgarde.blp
131881;interface/glues/loadingscreens/loadscreenutgardepinnecle.blp
131882;interface/glues/loadingscreens/loadscreenwailingcaverns.blp
131883;interface/glues/loadingscreens/loadscreenwarsonggulch.blp
131884;interface/glues/loadingscreens/loadscreenzulaman.blp
131885;interface/glues/loadingscreens/loadscreenzulfarrak.blp
131886;interface/glues/loadingscreens/loadscreenzulgurub.blp
236056;interface/glues/loadingscreens/loadscreenazjolnerub76.blp
236057;interface/glues/loadingscreens/loadscreenchamberblack.blp
236058;interface/glues/loadingscreens/loadscreendalaranprison.blp
236059;interface/glues/loadingscreens/loadscreendalaransewersarena.blp
236060;interface/glues/loadingscreens/loadscreendeathknight.blp
236061;interface/glues/loadingscreens/loadscreengundrak.blp
236062;interface/glues/loadingscreens/loadscreenmalygos.blp
236063;interface/glues/loadingscreens/loadscreennorthrendbg.blp
236064;interface/glues/loadingscreens/loadscreenorgrimmararena.blp
236065;interface/glues/loadingscreens/loadscreenwintergrasp.blp
309885;interface/glues/loadingscreens/loadscreenisleofconquest.blp
310729;interface/glues/loadingscreens/loadscreenargentraid.blp
311102;interface/glues/loadingscreens/loadscreenargentdungeon.blp
317257;interface/glues/loadingscreens/loadscreenicecrown5man.blp
318964;interface/glues/loadingscreens/loadscreenicecrowncitadel.blp
320915;interface/glues/loadingscreens/loadscreenblizzcon09.blp
335909;interface/glues/loadingscreens/loadscreenpitofsaron.blp
336388;interface/glues/loadingscreens/loadscreenhallsofreflection.blp
343001;interface/glues/loadingscreens/loadscreeneasternkingdomwide.blp
343002;interface/glues/loadingscreens/loadscreenkalimdorwide.blp
343003;interface/glues/loadingscreens/loadscreennorthrendwide.blp
343004;interface/glues/loadingscreens/loadscreenoutlandwide.blp
365622;interface/glues/loadingscreens/loadscreenrubysanctum.blp
397151;interface/glues/loadingscreens/loadscreenthroneofthetides.blp
400719;interface/glues/loadingscreens/loadscreenhallsoforigination.blp
401942;interface/glues/loadingscreens/loadscreendeepholmdungeon.blp
401943;interface/glues/loadingscreens/loadscreengrimbatol.blp
402550;interface/glues/loadingscreens/loadscreenskywall.blp
404445;interface/glues/loadingscreens/loadscreenblackwingdescentraid.blp
405445;interface/glues/loadingscreens/loadscreengilneasbg.blp
407226;interface/glues/loadingscreens/loadscreentwinpeaksbg.blp
407545;interface/glues/loadingscreens/loadscreengrimbatolraid.blp
411683;interface/glues/loadingscreens/loadscreentolbarad.blp
411684;interface/glues/loadingscreens/loadscreenuldumdungeon.blp
418218;interface/glues/loadingscreens/loadscreenblackrockcaverns.blp
424078;interface/glues/loadingscreens/loadscreendeepholm.blp
427941;interface/glues/loadingscreens/loadscreengilneasbg2.blp
445506;interface/glues/loadingscreens/loadscreeneasternkingdom2.blp
445508;interface/glues/loadingscreens/loadscreenkalimdor2.blp
445510;interface/glues/loadingscreens/loadscreennorthrend2.blp
445512;interface/glues/loadingscreens/loadscreenoutland2.blp
447132;interface/glues/loadingscreens/loadscreeneasternkingdom2wide.blp
447133;interface/glues/loadingscreens/loadscreenkalimdor2wide.blp
447134;interface/glues/loadingscreens/loadscreennorthrend2wide.blp
447135;interface/glues/loadingscreens/loadscreenoutland2wide.blp
450109;interface/glues/loadingscreens/loadscreenskywallraid.blp
468402;interface/glues/loadingscreens/loadscreenbaradinhold.blp
512032;interface/glues/loadingscreens/loadscreenmaelstrom.blp
514085;interface/glues/loadingscreens/loadscreenfirelands.blp
514270;interface/glues/loadingscreens/loadscreenfirelandsraid.blp
514758;interface/glues/loadingscreens/loadscreenzulaman2.blp
534166;interface/glues/loadingscreens/loadscreendarkmoonisland.blp
534812;interface/glues/loadingscreens/loadscreendeathwingraid.blp
535280;interface/glues/loadingscreens/loadscreenendtime.blp
535281;interface/glues/loadingscreens/loadscreenwellofeternity.blp
535413;interface/glues/loadingscreens/loadscreenhouroftwilight.blp
574578;interface/glues/loadingscreens/loadscreenwanderingisle.blp
613546;interface/glues/loadingscreens/loadscreenjadeforest.blp
633147;interface/glues/loadingscreens/loadscreengateofthesettingsun.blp
633148;interface/glues/loadingscreens/loadscreenheartoffear.blp
633149;interface/glues/loadingscreens/loadscreenjadetemple.blp
633150;interface/glues/loadingscreens/loadscreenmogushanpalace.blp
633151;interface/glues/loadingscreens/loadscreenmogushanvaults.blp
633152;interface/glues/loadingscreens/loadscreenscholomance2.blp
633153;interface/glues/loadingscreens/loadscreenshadowpanmonastery.blp
633154;interface/glues/loadingscreens/loadscreensiegeofnizaotemple.blp
633155;interface/glues/loadingscreens/loadscreensilvershardmines.blp
633156;interface/glues/loadingscreens/loadscreenstormstoutbrewery.blp
633157;interface/glues/loadingscreens/loadscreentolvirarena.blp
633158;interface/glues/loadingscreens/loadscreenvalleyofpower.blp
643908;interface/glues/loadingscreens/loadscreenscarlethalls.blp
643909;interface/glues/loadingscreens/loadscreenterraceofendlesssprings.blp
645156;interface/glues/loadingscreens/loadscreenscarletmonastery2.blp
647838;interface/glues/loadingscreens/loadscreenabrewingstorm.blp
647839;interface/glues/loadingscreens/loadscreenungaingoo.blp
650621;interface/glues/loadingscreens/loadscreentheramorehorde.blp
650622;interface/glues/loadingscreens/loadscreenworld.blp
651272;interface/glues/loadingscreens/loadscreenvalleyofthefourwindsmap.blp
651536;interface/glues/loadingscreens/loadscreentheramorealliance.blp
651944;interface/glues/loadingscreens/loadscreenpandaria.blp
651994;interface/glues/loadingscreens/loadscreenpandariawide.blp
652547;interface/glues/loadingscreens/loadscreenbrewmoonfestival.blp
652548;interface/glues/loadingscreens/loadscreencryptofforgottenkings.blp
652549;interface/glues/loadingscreens/loadscreengreenstonevillage.blp
654139;interface/glues/loadingscreens/loadscreenassaultonzanvess.blp
656110;interface/glues/loadingscreens/loadscreentempleofkotmogu.blp
769191;interface/glues/loadingscreens/loadscreenpvpbattlegrounds.blp
774864;interface/glues/loadingscreens/loadscreendominationpoint.blp
774865;interface/glues/loadingscreens/loadscreenlionslanding.blp
774866;interface/glues/loadingscreens/loadscreenvoljinscenario.blp
775185;interface/glues/loadingscreens/loadscreenbrawlgararena.blp
775426;interface/glues/loadingscreens/loadscreenalittlepatience.blp
775634;interface/glues/loadingscreens/loadscreentyrivess.blp
795305;interface/glues/loadingscreens/loadscreenkotmoguscenario.blp
801471;interface/glues/loadingscreens/loadscreenthunderkingraid.blp
804100;interface/glues/loadingscreens/loadscreenthunderisle.blp
841556;interface/glues/loadingscreens/loadscreenprovinggrounds.blp
851882;interface/glues/loadingscreens/loadingscreen_shadowpan_bg.blp
852903;interface/glues/loadingscreens/loadscreenemberdeepscenario.blp
852904;interface/glues/loadingscreens/loadscreennavalbattlescenario.blp
853210;interface/glues/loadingscreens/loadscreenbloodsnowscenario.blp
874615;interface/glues/loadingscreens/loadscreenheartofdarkness.blp
875627;interface/glues/loadingscreens/loadscreen_goldrush.blp
903869;interface/glues/loadingscreens/loadscreensiegeoforgrimmar.blp
937565;interface/glues/loadingscreens/loadscreenblizzcon2013.blp
937566;interface/glues/loadingscreens/loadscreenblizzcon2013wide.blp
1013075;interface/glues/loadingscreens/loadscreenogrecompound.blp
1017727;interface/glues/loadingscreens/loadscreenblackrocktraindepot.blp
1032622;interface/glues/loadingscreens/loadingscreen_blackrockfoundry.blp
1032623;interface/glues/loadingscreens/loadscreenblackrockfoundry.blp
1033059;interface/glues/loadingscreens/loadingscreen_shadowmoonburialgrounds.blp
1033498;interface/glues/loadingscreens/loadingscreen_highmaulraid.blp
1033900;interface/glues/loadingscreens/loadscreen_skyreach.blp
1033901;interface/glues/loadingscreens/loadscreenskyreach.blp
1034725;interface/glues/loadingscreens/loadscreenauchindoun_wod.blp
1035008;interface/glues/loadingscreens/loadscreendraenor.blp
1035009;interface/glues/loadingscreens/loadscreendraenorwide.blp
1035010;interface/glues/loadingscreens/loadscreeneasternkingdoms3.blp
1035011;interface/glues/loadingscreens/loadscreeneasternkingdoms3wide.blp
1035012;interface/glues/loadingscreens/loadscreenkalimdor3.blp
1035013;interface/glues/loadingscreens/loadscreenkalimdor3wide.blp
1035275;interface/glues/loadingscreens/loadscreenupperblackrockspire.blp
1040025;interface/glues/loadingscreens/inv_bullroarer.blp
1058989;interface/glues/loadingscreens/loadingscreen_irondocks_cn.blp
1058990;interface/glues/loadingscreens/loadingscreen_irondocks_tw.blp
1058991;interface/glues/loadingscreens/loadingscreen_irondocks.blp
1060205;interface/glues/loadingscreens/loadscreen_everbloom.blp
1086951;interface/glues/loadingscreens/loadingscreen_hordegarrison.blp
1089530;interface/glues/loadingscreens/loadscreen_blackrockfoundry.blp
1099378;interface/glues/loadingscreens/loadscreen_alliancegarrison.blp
1132136;interface/glues/loadingscreens/loadscreen_hellfireraid.blp
1272375;interface/glues/loadingscreens/loadingscreen_lighthopeschapel.blp
1272474;interface/glues/loadingscreens/loadscreenbrokenisles.blp
1303233;interface/glues/loadingscreens/loadingscreen_mardum.blp
1303234;interface/glues/loadingscreens/loadingscreen_mardumwide.blp
1375895;interface/glues/loadingscreens/loadscreen_monkorderhall_wide.blp
1375896;interface/glues/loadingscreens/loadscreen_monkorderhall_wide_nologo.blp
1379024;interface/glues/loadingscreens/loadscreen_hunterorderhall_wide.blp
1382383;interface/glues/loadingscreens/loadscreen_deathknightorderhall_wide.blp
1389211;interface/glues/loadingscreens/loadingscreen_demonhunterorderhall_wide.blp
1389212;interface/glues/loadingscreens/loadingscreen_nightmaredungeon_wide.blp
1389214;interface/glues/loadingscreens/loadingscreen_demonhunterartifact_wide.blp
1389449;interface/glues/loadingscreens/loadingscreen_vaultofthewardens_wide.blp
1391080;interface/glues/loadingscreens/loadingscreen_helheimship_wide.blp
1394867;interface/glues/loadingscreens/loadscreen_emeraldnightmareraid_wide.blp
1394926;interface/glues/loadingscreens/loadscreen_warlockorderhall_wide.blp
1395043;interface/glues/loadingscreens/loadingscreen_niskara_wide.blp
1395129;interface/glues/loadingscreens/loadscreen_suramarcatacombs_wide.blp
1399464;interface/glues/loadingscreens/loadingscreen_blackrookhold_wide.blp
1405662;interface/glues/loadingscreens/loadingscreen_shamanartifact_wide.blp
1412500;interface/glues/loadingscreens/loadscreen_priestorderhall_wide.blp
1414064;interface/glues/loadingscreens/loadingscreen_deathknightorderhall_wide.blp
1417745;interface/glues/loadingscreens/loadingscreen_druidorderhall_wide.blp
1445178;interface/glues/loadingscreens/loadingscreen_neltharionslair_wide.blp
1445353;interface/glues/loadingscreens/loadscreen_mageartifact.blp
1446595;interface/glues/loadingscreens/loadingscreen_brokenisles_wide.blp
1448532;interface/glues/loadingscreens/loadscreen_suramarraid.blp
1451468;interface/glues/loadingscreens/loadingscreen_blackrookholdarena_wide.blp
1454533;interface/glues/loadingscreens/loadingscreen_lighthopeschapel_wide.blp
1454826;interface/glues/loadingscreens/loadingscreen_hallsofvalor_wide.blp
1467575;interface/glues/loadingscreens/loadscreen_nagadungeon.blp
1472862;interface/glues/loadingscreens/loadingscreen_arenavalsharah_wide.blp
1476725;interface/glues/loadingscreens/loadingscreen_emeralddreamway_wide.blp
1477131;interface/glues/loadingscreens/loadscreen_suramarcitydungeon.blp
1496467;interface/glues/loadingscreens/loadingscreen_violethold_wide.blp
1498772;interface/glues/loadingscreens/loadscreeneasternkingdoms4.blp
1498773;interface/glues/loadingscreens/loadscreeneasternkingdoms4wide.blp
1498774;interface/glues/loadingscreens/loadscreenkalimdor4.blp
1498775;interface/glues/loadingscreens/loadscreenkalimdor4wide.blp
1536931;interface/glues/loadingscreens/loadingscreen_nagrandarena_wide.blp
1537272;interface/glues/loadingscreens/loadingscreen_returntokarazhan.blp
1537273;interface/glues/loadingscreens/loadingscreen_trialsofvalor.blp
1568178;interface/glues/loadingscreens/loadingscreen_bladesedgearena_wide.blp
1608213;interface/glues/loadingscreens/loadingscreen_arathibasin.blp
1608214;interface/glues/loadingscreens/loadingscreen_arathibasinwinter.blp
1615560;interface/glues/loadingscreens/loadscreen_tombofsargerasraid_wide.blp
1616802;interface/glues/loadingscreens/loadscreen_tombofsargerasdungeon_wide.blp
1672553;interface/glues/loadingscreens/loadscreen_chromiescenario_wide.blp
1717118;interface/glues/loadingscreens/loadingscreen_argus3.blp
1717768;interface/glues/loadingscreens/loadingscreen_argusdungeon_widescreen.blp
1717773;interface/glues/loadingscreens/loadingscreen_argusraid_widescreen.blp
1719332;interface/glues/loadingscreens/loadingscreen_krokuun_wide.blp
1719502;interface/glues/loadingscreens/loadingscreen_macaree_wide.blp
1780110;interface/glues/loadingscreens/loadingscreen_8xp_forlornvictory_wide.blp
1864572;interface/glues/loadingscreens/loadingscreen_seethingshore.blp
1864577;interface/glues/loadingscreens/loadingscreen_seethingshore.blp.meta
1865666;interface/glues/loadingscreens/loadingscreen_azeritebg_wide.blp
1968998;interface/glues/loadingscreens/loadingscreen_goldencityexterior_wide_battleforazeroth.blp
1969119;interface/glues/loadingscreens/loadscreen_toldagor_wide.blp
1969693;interface/glues/loadingscreens/loadingscreen_goldencityexterior_wide_battleforazeroth.blp.meta
1969698;interface/glues/loadingscreens/loadscreen_toldagor_wide.blp.meta
1984118;interface/glues/loadingscreens/loadscreen_waycrestmanor_wide.blp
1984444;interface/glues/loadingscreens/loadscreen_waycrestmanor_wide.blp.meta
2000399;interface/glues/loadingscreens/loadingscreen_goldencityinterior_wide_battleforazeroth.blp
2001534;interface/glues/loadingscreens/loadingscreen_goldencityinterior_wide_battleforazeroth.blp.meta
2016712;interface/glues/loadingscreens/loadingscreen_goblinmine_masterwidescreen_battleforazeroth.blp
2033044;interface/glues/loadingscreens/loadingscreen_alliancepvparena_masterwidescreen_battleforazeroth.blp
2061464;interface/glues/loadingscreens/loadingscreen_serpentinetunnels_wide.blp
2068775;interface/glues/loadingscreens/loadscreen_boralusdungeon.blp
2103695;interface/glues/loadingscreens/loadingscreen_zuldazararena.blp
2103696;interface/glues/loadingscreens/loadingscreen_arathiwarfronts_masterwidescreen_battleforazeroth.blp
2103733;interface/glues/loadingscreens/loadingscreen_masterwidescreen_shrineofthestorm_wide.blp
2125650;interface/glues/loadingscreens/loadscreen_freeholddungeon.blp
2126830;interface/glues/loadingscreens/loadingscreen_nazmirraid.blp
2139069;interface/glues/loadingscreens/loadscreen_islandexpeditions.blp
2142255;interface/glues/loadingscreens/loadscreen_kultiras-tiragarde_wide.blp
2143605;interface/glues/loadingscreens/loadingscreen_kultiras.blp
2143606;interface/glues/loadingscreens/loadingscreen_zandalar.blp
2175832;interface/glues/loadingscreens/loadingscreen_underrot_wide.blp
2206913;interface/glues/loadingscreens/dynamicelements.blp.meta
2206914;interface/glues/loadingscreens/loadscreenahnqiraj20man.blp.meta
2206915;interface/glues/loadingscreens/loadscreenahnqiraj40man.blp.meta
2206916;interface/glues/loadingscreens/loadscreenarathibasin.blp.meta
2206917;interface/glues/loadingscreens/loadscreenblackfathomdeeps.blp.meta
2206918;interface/glues/loadingscreens/loadscreenblackrockdepths.blp.meta
2206919;interface/glues/loadingscreens/loadscreenblackrockspire.blp.meta
2206920;interface/glues/loadingscreens/loadscreenblackwinglair.blp.meta
2206921;interface/glues/loadingscreens/loadscreencave.blp.meta
2206922;interface/glues/loadingscreens/loadscreenchampionshall.blp.meta
2206923;interface/glues/loadingscreens/loadscreendeadmines.blp.meta
2206924;interface/glues/loadingscreens/loadscreendeepruntram.blp.meta
2206925;interface/glues/loadingscreens/loadscreendiremaul.blp.meta
2206926;interface/glues/loadingscreens/loadscreendungeon.blp.meta
2206927;interface/glues/loadingscreens/loadscreeneasternkingdom.blp.meta
2206928;interface/glues/loadingscreens/loadscreenenviroment.blp.meta
2206929;interface/glues/loadingscreens/loadscreengnomeregan.blp.meta
2206930;interface/glues/loadingscreens/loadscreenhalloflegends.blp.meta
2206931;interface/glues/loadingscreens/loadscreenkalimdor.blp.meta
2206932;interface/glues/loadingscreens/loadscreenmaraudon.blp.meta
2206933;interface/glues/loadingscreens/loadscreenmoltencore.blp.meta
2206934;interface/glues/loadingscreens/loadscreenmonastery.blp.meta
2206935;interface/glues/loadingscreens/loadscreennaxxramas.blp.meta
2206936;interface/glues/loadingscreens/loadscreenpvpbattleground.blp.meta
2206937;interface/glues/loadingscreens/loadscreenragefirechasm.blp.meta
2206938;interface/glues/loadingscreens/loadscreenraid.blp.meta
2206939;interface/glues/loadingscreens/loadscreenrazorfendowns.blp.meta
2206940;interface/glues/loadingscreens/loadscreenrazorfenkraul.blp.meta
2206941;interface/glues/loadingscreens/loadscreenruinedcity.blp.meta
2206942;interface/glues/loadingscreens/loadscreenscholomance.blp.meta
2206943;interface/glues/loadingscreens/loadscreenshadowfangkeep.blp.meta
2206944;interface/glues/loadingscreens/loadscreenstormwindstockade.blp.meta
2206945;interface/glues/loadingscreens/loadscreenstrathome.blp.meta
2206946;interface/glues/loadingscreens/loadscreensunkentemple.blp.meta
2206947;interface/glues/loadingscreens/loadscreenuldaman.blp.meta
2206948;interface/glues/loadingscreens/loadscreenwailingcaverns.blp.meta
2206949;interface/glues/loadingscreens/loadscreenwarsonggulch.blp.meta
2206950;interface/glues/loadingscreens/loadscreenzulfarrak.blp.meta
2206951;interface/glues/loadingscreens/loadscreenzulgurub.blp.meta
2494959;interface/glues/loadingscreens/loadingscreen_seapriestraid_wide_battleforazeroth.blp
2529512;interface/glues/loadingscreens/loadscreen_darkshorewarfront.blp
2530069;interface/glues/loadingscreens/loadscreen_zuldazarraid_wide.blp
2820825;interface/glues/loadingscreens/loadingscreen_arathibasin_update_wide.blp
2821799;interface/glues/loadingscreens/loadscreenbrawlgararena_classiclogo.blp
2821800;interface/glues/loadingscreens/loadscreendarkmoonisland_classiclogo.blp
2827086;interface/glues/loadingscreens/loadscreen_warsonggulch_update_wide.blp
2969209;interface/glues/loadingscreens/skins/.amsfolder
2969212;interface/glues/loadingscreens/expansion08/.amsfolder
2969217;interface/glues/loadingscreens/expansion08/main/.amsfolder
2969218;interface/glues/loadingscreens/expansion08/logo/.amsfolder
2969221;interface/glues/loadingscreens/skins/expansion08/.amsfolder
2991612;interface/glues/loadingscreens/expansion07/.amsfolder
2991613;interface/glues/loadingscreens/expansion07/logo/.amsfolder
2991614;interface/glues/loadingscreens/expansion07/main/.amsfolder
2991615;interface/glues/loadingscreens/expansion07/main/loadingscreen_mechagoncity.blp
2994053;interface/glues/loadingscreens/loadingscreen_nazjatar_raid.blp
2999376;interface/glues/loadingscreens/expansion07/main/loadingscreen_mechagonarena.blp
3005251;interface/glues/loadingscreens/expansion07/main/loadingscreen_mechagonzone.blp
3006757;interface/glues/loadingscreens/expansion07/main/loadingscreen_nazjatar_raid.blp
3007326;interface/glues/loadingscreens/expansion07/logo/logo_bfa.blp
3008537;interface/glues/loadingscreens/expansion07/main/loadingscreen_nazjatar.blp
3170732;interface/glues/loadingscreens/expansion07/main/loadingscreen_nzothraid.blp
3193206;interface/glues/loadingscreens/expansion08/main/loadingscreen_bastionblizzcondemo.blp
3193211;interface/glues/loadingscreens/expansion08/logo/logo_shadowlands.blp
3195545;interface/glues/loadingscreens/expansion07/main/loadscreen_nzothraid_visions.blp
3565435;interface/glues/loadingscreens/expansion08/main/loadscreen_sanguinedepthsdungeon.blp
3582016;interface/glues/loadingscreens/expansion08/main/loadscreen_castlenathriaraid.blp
3591383;interface/glues/loadingscreens/expansion08/logo_beta/logo_shadowlands_beta.blp
3602023;interface/glues/loadingscreens/expansion08/main/loadscreen_plaguefalldungeon.blp
3615757;interface/glues/loadingscreens/expansion08/main/loadingscreen_necroticwake.blp
3621966;interface/glues/loadingscreens/expansion08/main/loadscreen_spiresofascension.blp
3622958;interface/glues/loadingscreens/expansion08/main/loadscreen_bastionarena.blp
3635651;interface/glues/loadingscreens/expansion08/main/loadscreen_darkmaulcitadel.blp
3638598;interface/glues/loadingscreens/expansion08/main/loadscreen_theotherside.blp
3642564;interface/glues/loadingscreens/expansion08/main/loadingscreen_tirnascithedungeon.blp
3683676;interface/glues/loadingscreens/expansion08/main/loadscreen_newplayerexperience.blp
3685314;interface/glues/loadingscreens/expansion08/main/loadscreen_theaterofpain.blp
3721473;interface/glues/loadingscreens/expansion08/main/loadscreen_hallsofatonement.blp
3760516;interface/glues/loadingscreens/expansion08/main/loadscreen_torghast.blp
3807424;interface/glues/loadingscreens/expansion08/main/loadscreen_shadowlandscontinent.blp
4178070;interface/glues/loadingscreens/expansion08/main/loadscreen_sanctumofdomination.blp
4179243;interface/glues/loadingscreens/expansion08/main/loadscreen_tazaveshtheveiledmarket.blp
4225291;interface/glues/loadingscreens/base/logo/logo_base2021.blp
4370747;interface/glues/loadingscreens/expansion08/main/loadscreen_maldraxxuscoliseum.blp
4370748;interface/glues/loadingscreens/expansion08/main/loadscreen_zerethmortis.blp
4391867;interface/glues/loadingscreens/expansion08/main/loadscreen_enigmaarena.blp
4391868;interface/glues/loadingscreens/expansion08/main/loadscreen_sepulcherofthefirstones.blp
4550300;interface/glues/loadingscreens/expansion09/main/loadscreen_lifepoolsdungeon.blp
4550301;interface/glues/loadingscreens/expansion09/main/loadscreen_theacademydungeon.blp
4566643;interface/glues/loadingscreens/expansion09/main/loadscreen_arcanevaultsdungeon.blp
4566644;interface/glues/loadingscreens/expansion09/main/loadscreen_uldamandungeon.blp
4570259;interface/glues/loadingscreens/expansion09/logo/logo_dragonflight.blp
4661969;interface/glues/loadingscreens/expansion09/main/loadscreen_hallsofinfusion.blp
4663453;interface/glues/loadingscreens/expansion09/main/loadscreen_vaultoftheincarnates.blp
4669853;interface/glues/loadingscreens/expansion09/main/loadscreen_dragonislescontinent.blp
4684456;interface/glues/loadingscreens/expansion09/main/loadscreen_nokhudoffensivedungeon.blp
4691725;interface/glues/loadingscreens/expansion09/main/loadscreen_neltharusdungeon.blp
4697004;interface/glues/loadingscreens/expansion09/main/loadscreen_brackenhidehollowdungeon.blp
4731628;interface/glues/loadingscreens/expansion09/main/loadscreen_centaurarena.blp
5140749;interface/glues/loadingscreens/expansion09/main/loadscreen_aberrusraid.blp
5211661;interface/glues/loadingscreens/expansion09/main/loadscreen_dawnoftheinfinite.blp
5344997;interface/glues/loadingscreens/expansion09/main/loadscreen_emeralddreamzone.blp
5409944;interface/glues/loadingscreens/expansion09/main/loadscreen_amirdrassilraid.blp
5580542;interface/glues/loadingscreens/expansion09/main/loadscreen_mappirate.blp
5658326;interface/glues/loadingscreens/expansion09/logo_plunderstorm.blp
5740486;interface/glues/loadingscreens/expansion09/logo/logo_plunderstorm.blp
5763550;interface/glues/loadingscreens/expansion10/main/loadscreen_rookerydungeon.blp
5779652;interface/glues/loadingscreens/expansion10/main/loadscreen_thedawnbreakerdungeon.blp
5791579;interface/glues/loadingscreens/expansion10/main/loadscreen_nerubianraid.blp
5794590;interface/glues/loadingscreens/expansion10/main/loadscreen_darkflamecleftdungeon.blp
5795228;interface/glues/loadingscreens/expansion10/logo/logo_tww.blp
5795799;interface/glues/loadingscreens/expansion10/main/loadscreen_thestonevaultdungeon.blp
5828239;interface/glues/loadingscreens/expansion10/main/loadscreen_earthenbattleground.blp
5863045;interface/glues/loadingscreens/expansion10/main/loadscreen_cinderbrewmeaderydungeon.blp
5874076;interface/glues/loadingscreens/expansion10/main/loadscreen_prioryofthesacredflamedungeon.blp
5887871;interface/glues/loadingscreens/expansion10/main/loadscreen_cityofthreadsdungeon.blp
5898878;interface/glues/loadingscreens/expansion10/main/loadscreen_arakaradungeon.blp
5899485;interface/glues/loadingscreens/expansion10/main/loadscreen_khazalgarcontinent.blp
5932344;interface/glues/loadingscreens/expansion10/main/loadscreen_hallowfall.blp
6213069;interface/glues/loadingscreens/loadscreen_classic_demon_fall_canyon.blp
6213070;interface/glues/loadingscreens/loadscreen_classic_storm_cliffs.blp
6213071;interface/glues/loadingscreens/loadscreen_classic_tainted_scar.blp
6225617;interface/glues/loadingscreens/expansion10/main/loadscreen_sirenisle.blp
6392586;interface/glues/loadingscreens/expansion10/main/loadscreen_dungeon_waterworks.blp
6392587;interface/glues/loadingscreens/expansion10/main/loadscreen_zone_undermine.blp
6404488;interface/glues/loadingscreens/expansion10/main/loadscreen_raid_casino.blp
6422642;interface/glues/loadingscreens/loadscreen_classic_scarletraid.blp
6514589;interface/glues/loadingscreens/loadscreen_classic_karazhancrypts.blp
6647403;interface/glues/loadingscreens/expansion10/main/loadscreen_raid_underminearena.blp
6650900;interface/glues/loadingscreens/loadscreen_classic_crystalvale.blp
6730949;interface/glues/loadingscreens/loadscreen_classic_greendragonraid.blp
6860204;interface/glues/loadingscreens/expansion10/main/loadscreen_lorewalking.blp
6918681;interface/glues/loadingscreens/expansion10/main/loadscreen_zone_karesh.blp
6921876;interface/glues/loadingscreens/expansion10/main/loadscreen_dungeon_ecodome.blp
6996937;interface/glues/loadingscreens/expansion10/main/loadscreen_raid_manaforgeomega.blp
7132793;interface/glues/loadingscreens/expansion10/main/loadscreen_wowhack.blp
7213790;interface/glues/loadingscreens/expansion11/logo/logo_mn.blp
7213792;interface/glues/loadingscreens/expansion11/logo/en/logo_mn.blp
7266209;interface/glues/loadingscreens/expansion11/main/loadscreen_dungeon_murderrow.blp
7266210;interface/glues/loadingscreens/expansion11/main/loadscreen_dungeon_proveyourworth.blp
7266211;interface/glues/loadingscreens/expansion11/main/loadscreen_dungeon_windrunnerspire.blp
7266212;interface/glues/loadingscreens/expansion11/main/loadscreen_zone_arcantina.blp
7322720;interface/glues/loadingscreens/expansion11/main/loadscreen_dungeon_maisarahills.blp
7354407;interface/glues/loadingscreens/expansion11/main/loadscreen_dungeon_lightbloom.blp
7367528;interface/glues/loadingscreens/expansion10/main/loadscreen_housing_enterhouse.blp
7370037;interface/glues/loadingscreens/expansion10/logo/logo_mn.blp
7377860;interface/glues/loadingscreens/expansion10/main/loadscreen_housing_elwynnforest.blp
7385003;interface/glues/loadingscreens/expansion11/main/loadscreen_zone_harandar.blp
7439363;interface/glues/loadingscreens/expansion11/main/loadscreen_dungeon_magistersterrace.blp
7439364;interface/glues/loadingscreens/expansion11/main/loadscreen_dungeon_voidscararena.blp
7454099;interface/glues/loadingscreens/expansion11/main/loadscreen_raid_darkwell.blp
7488402;interface/glues/loadingscreens/expansion11/main/loadscreen_battleground_voidstorm.blp
7488403;interface/glues/loadingscreens/expansion11/main/loadscreen_raid_voidspire.blp
7488404;interface/glues/loadingscreens/expansion11/main/loadscreen_zone_zulaman.blp
7490877;interface/glues/loadingscreens/expansion10/main/loadscreen_housing_ogrimmar.blp
7507883;interface/glues/loadingscreens/expansion11/main/loadscreen_zone_voidstorm.blp
7551421;interface/glues/loadingscreens/expansion11/main/loadscreen_dungeon_voidpylon.blp
7551422;interface/glues/loadingscreens/expansion11/main/loadscreen_raid_riftofaln.blp
7578182;interface/glues/loadingscreens/expansion11/main/loadscreen_assaultonqueldanas.blp
7651384;interface/glues/loadingscreens/expansion11/logo/no_logo.blp
7734005;interface/glues/loadingscreens/expansion11/main/loadscreen_prophunt.blp
7765534;interface/glues/loadingscreens/expansion11/main/loadscreen_ritualsite_brokenthrone.blp
7765536;interface/glues/loadingscreens/expansion11/main/loadscreen_ritualsite_daggerspinepoint.blp
7765537;interface/glues/loadingscreens/expansion11/main/loadscreen_ritualsite_blindingbloom.blp
7816620;interface/glues/loadingscreens/expansion11/main/loadscreen_voidportal_naigtal.blp
7816621;interface/glues/loadingscreens/expansion11/main/loadscreen_voidportal_val.blp
7864815;interface/glues/loadingscreens/expansion11/main/loadscreen_raid_fungarian.blp
7950679;interface/glues/loadingscreens/camelot160/main/loadscreen_camelot_zephrasisle.blp
7956025;interface/glues/loadingscreens/expansion11/main/loadscreen_dungeon_altaroffangs.blp
7961223;interface/glues/loadingscreens/camelot160/logo/logo_camelot.blp
7963775;interface/glues/loadingscreens/camelot160/main/loadscreen_camelot_dalaran.blp
7963776;interface/glues/loadingscreens/camelot160/main/loadscreen_camelot_easternkingdom.blp
7963777;interface/glues/loadingscreens/camelot160/main/loadscreen_camelot_excavation.blp
7963779;interface/glues/loadingscreens/camelot160/main/loadscreen_camelot_kalimdor.blp
7963781;interface/glues/loadingscreens/camelot160/main/loadscreen_camelot_oldironforge.blp
7963782;interface/glues/loadingscreens/camelot160/main/loadscreen_camelot_ruinsoflordaeron.blp
8039537;interface/glues/loadingscreens/expansion11/main/loadscreen_raid_ulatek.blp
8122708;interface/glues/loadingscreens/expansion11/main/loadscreen_lairs_tieboundgrotto.blp
8195041;interface/glues/loadingscreens/expansion11/main/loadscreen_zone_zulaman2.blp
8269724;interface/glues/loadingscreens/expansion11/main/loadscreen_raid_kithix.blp
8423398;interface/glues/loadingscreens/expansion0/main/loadscreen_darkspearislands_8423398.blp
